firstName,regionOrigin,countryOriginAlt,subRegionOrigin,countryOrigin,countriesOriginTop
oliver,Europe,CH,Western Europe,DE,"DE,CH,EE,AT,DK,RS,RS,GB,SK,MK"
olivia,Europe,CH,Eastern Europe,SK,"SK,CH,MD,RO,NA,IE,MG,DE,IL,LR"
noah,Asia,KE,Western Asia,IL,"IL,KE,LR,MY,NA,TZ,NL,ZA,MG,BN"
amelia,Africa,IL,Western Africa,LR,"LR,IL,ID,GE,RO,NA,IE,TN,IT,SE"
jack,Africa,NL,Eastern Africa,KE,"KE,NL,GB,IE,DK,TZ,FR,IL,TW,LR"
charlotte,Europe,DK,Western Europe,FR,"FR,DK,CM,CH,BE,NL,IE,SE,GB,LB"
william,Europe,GB,Northern Europe,IE,"IE,GB,NL,KE,LR,DE,BE,NA,LB,TZ"
isla,Asia,AZ,Central Asia,UZ,"UZ,AZ,GB,EG,GE,IL,TM,JO,QA,NA"
henry,Europe,NL,Northern Europe,IE,"IE,NL,GB,DK,KE,LR,ID,FR,KH,NA"
ava,Asia,GE,Western Asia,IL,"IL,GE,BG,UZ,AM,AZ,UA,MD,SK,CZ"
leo,Europe,NL,Southern Europe,HR,"HR,NL,GE,IL,TW,NA,IT,BW,BE,ZA"
mia,Asia,SE,Western Asia,GE,"GE,SE,HR,DK,TW,IL,FI,EE,SK,NL"
lucas,Africa,NA,Eastern Africa,TZ,"TZ,NA,KE,FR,CH,NL,CZ,BE,CM,DE"
grace,Africa,GB,Eastern Africa,KE,"KE,GB,LR,IE,TZ,CM,BW,NA,TD,CF"
theodore,Africa,FR,Middle Africa,CM,"CM,FR,BF,BE,TD,ZA,CI,NL,MG,CF"
chloe,Europe,GB,Western Europe,FR,"FR,GB,TW,CY,BE,IE,CH,KR,MY,ZA"
levi,Asia,GE,Western Asia,IL,"IL,GE,NA,FI,EE,ID,BE,KE,HU,TW"
matilda,Europe,GE,Northern Europe,SE,"SE,GE,IE,SK,IL,NA,HR,TZ,SI,ZA"
liam,Europe,GB,Northern Europe,IE,"IE,GB,IL,NL,GE,AM,MY,NA,BE,TW"
ella,Asia,IE,Western Asia,AZ,"AZ,IE,IL,CY,SE,RU,GB,NL,NA,FI"
elijah,Africa,LR,Eastern Africa,KE,"KE,LR,IL,NA,IE,TZ,GB,ID,MY,LB"
sienna,Asia,NL,South-Eastern Asia,KH,"KH,NL,IL,NA,MY,LR,BG,BF,FI,ZA"
thomas,Europe,DK,Western Europe,AT,"AT,DK,DE,SE,IE,CH,NO,BE,NA,GB"
sophia,Asia,GE,Western Asia,CY,"CY,GE,TZ,KH,IL,NA,KE,SE,GB,IE"
charlie,Europe,CM,Western Europe,FR,"FR,CM,GB,IE,TW,SE,NL,BE,DK,LB"
isabella,Europe,IT,Northern Europe,GB,"GB,IT,IE,AZ,SE,IL,CH,KE,NA,AT"
archie,Africa,GB,Western Africa,LR,"LR,GB,IE,CM,GE,NL,IL,ZA,CI,NA"
willow,Africa,GB,Southern Africa,NA,"NA,GB,TW,MY,KE,ZA,NL,LR,IE,MM"
hudson,Africa,TW,Eastern Africa,KE,"KE,TW,TZ,UZ,GB,NA,VN,IS,KH,MG"
lily,Europe,GB,Northern Europe,IE,"IE,GB,KE,UA,AM,RU,TW,BG,ID,MY"
luca,Europe,RO,Southern Europe,IT,"IT,RO,HR,CH,MD,CZ,NL,SK,TZ,HU"
zoe,Africa,GB,Southern Africa,ZA,"ZA,GB,MM,LR,BF,TW,MG,CY,HU,NL"
alexander,Europe,BY,Eastern Europe,RU,"RU,BY,UA,UZ,BG,AT,SK,DE,MD,GB"
evie,Asia,BE,South-Eastern Asia,ID,"ID,BE,NL,IL,CY,CM,GB,CZ,FR,NA"
james,Africa,GB,Eastern Africa,KE,"KE,GB,IE,LR,TZ,NA,FR,LB,NL,TW"
harper,Europe,TR,Western Europe,NL,"NL,TR,DK,NO,SE,LR,IS,IL,AF,AM"
ethan,Europe,IE,Northern Europe,GB,"GB,IE,IL,TW,FR,TR,ET,AZ,KH,NA"
audrey,Europe,GB,Western Europe,FR,"FR,GB,CM,RU,BE,KE,NL,IE,BY,IL"
lachlan,Asia,GB,Western Asia,AZ,"AZ,GB,BG,TM,GE,UZ,KH,IL,RO,HU"
sophie,Europe,BE,Western Europe,FR,"FR,BE,GB,IL,KH,NL,CM,SE,GE,BF"
oscar,Europe,IL,Northern Europe,SE,"SE,IL,KE,TZ,NO,NL,NA,DE,CM,UZ"
evelyn,Africa,LR,Eastern Africa,KE,"KE,LR,IE,GB,EE,IL,NL,AT,BE,CH"
harrison,Africa,LR,Eastern Africa,KE,"KE,LR,GB,MG,IE,NL,TZ,IL,NA,ID"
mila,Europe,RS,Southern Europe,RS,"RS,RS,SK,CZ,BG,GE,AZ,IL,MD,UA"
isaac,Africa,LR,Eastern Africa,KE,"KE,LR,IE,CM,GB,IL,TZ,BW,TD,NA"
sofia,Europe,IL,Eastern Europe,MD,"MD,IL,SE,UA,SK,BG,CY,GE,MA,NA"
cooper,Africa,NL,Western Africa,LR,"LR,NL,IL,TW,SE,GB,DK,KE,AZ,BE"
ivy,Asia,GB,Eastern Asia,TW,"TW,GB,KE,KH,NA,MY,IL,VN,BE,NL"
max,Europe,UA,Western Europe,DE,"DE,UA,NL,CH,SE,AT,FR,NA,IL,DK"
ruby,Europe,GB,Western Europe,NL,"NL,GB,TW,ID,BN,IE,IL,NA,ZA,JO"
george,Asia,RO,Western Asia,CY,"CY,RO,KE,BG,GB,IE,LB,LR,GE,CM"
aria,Asia,GE,South-Eastern Asia,ID,"ID,GE,IL,MD,IT,CY,RU,UA,RO,NL"
arthur,Asia,DE,Western Asia,AM,"AM,DE,RU,IE,FR,NL,CH,GB,IL,LR"
hazel,Europe,IE,Northern Europe,GB,"GB,IE,TR,AF,MY,JO,IQ,IL,EG,NA"
sebastian,Europe,RO,Western Europe,DE,"DE,RO,AT,CH,FR,DK,SE,PL,NL,BE"
maya,Asia,BG,Western Asia,IL,"IL,BG,AZ,LB,TM,IN,LK,EG,NE,ID"
kai,Asia,EE,Eastern Asia,TW,"TW,EE,JP,FI,MY,KZ,MM,DK,NO,KG"
zara,Asia,NE,Western Asia,AZ,"AZ,NE,PK,AM,GE,KZ,UZ,MY,AF,BF"
hunter,Asia,DE,Eastern Asia,TW,"TW,DE,AT,HU,GB,KE,NL,BE,DK,AZ"
lucy,Africa,GB,Eastern Africa,KE,"KE,GB,IE,LR,TZ,NA,IL,ZA,NL,AM"
harvey,Europe,IL,Northern Europe,GB,"GB,IL,NL,TW,LR,KE,IE,KH,AM,ID"
florence,Europe,CM,Western Europe,FR,"FR,CM,KE,LR,IE,TZ,CH,GB,BE,NL"
benjamin,Europe,KE,Western Europe,FR,"FR,KE,CH,DE,IL,BE,CM,LR,GB,DK"
georgia,Asia,BG,Western Asia,CY,"CY,BG,RO,GE,GB,LB,KE,LR,RU,IE"
harry,Europe,ID,Western Europe,NL,"NL,ID,GB,IE,IL,MG,LR,KE,BN,NA"
luna,Asia,IL,Western Asia,GE,"GE,IL,HR,ZA,NA,KH,TW,JO,IT,RO"
arlo,Asia,HR,Western Asia,GE,"GE,HR,IT,NL,CH,FI,EE,BE,UZ,ID"
violet,Africa,BG,Eastern Africa,KE,"KE,BG,GB,IE,IL,AM,GE,NL,RO,NA"
hugo,Europe,CH,Western Europe,DE,"DE,CH,BE,EE,NL,FR,SE,TW,DK,NO"
emily,Europe,KE,Northern Europe,IE,"IE,KE,NA,GB,BG,IL,AZ,NL,BE,SE"
mason,Africa,GB,Western Africa,LR,"LR,GB,TZ,NA,KE,TW,ZA,IL,MY,GE"
daisy,Africa,GB,Eastern Africa,KE,"KE,GB,NL,BE,VN,IL,NA,IE,TW,ID"
jacob,Europe,NL,Northern Europe,DK,"DK,NL,KE,LR,NA,TZ,SE,DE,GB,IL"
aurora,Europe,MD,Eastern Europe,RO,"RO,MD,IT,IL,SK,FR,LT,CH,FI,GE"
archer,Asia,GB,Western Asia,GE,"GE,GB,LR,IL,NL,IE,UZ,DE,AM,CM"
layla,Asia,AE,Western Asia,AZ,"AZ,AE,IL,BH,LB,SA,UZ,MA,KH,BG"
samuel,Africa,LR,Eastern Africa,ET,"ET,LR,KE,IL,CH,CM,GB,IE,NA,TZ"
hannah,Africa,IE,Western Africa,LR,"LR,IE,MY,BN,KE,IL,GB,ID,DE,NL"
beau,Africa,NL,Middle Africa,CM,"CM,NL,NA,TW,KE,LR,FR,CI,ZA,BE"
scarlett,Europe,HU,Northern Europe,GB,"GB,HU,ZA,DE,NA,IL,NL,TW,IE,DK"
xavier,Europe,BE,Western Europe,FR,"FR,BE,CH,CM,IL,NL,DE,CF,UZ,MG"
frankie,Europe,IE,Western Europe,NL,"NL,IE,NA,FR,BE,CM,ZA,GB,LR,KE"
joshua,Africa,LR,Eastern Africa,KE,"KE,LR,GB,TZ,NA,IL,IE,NL,FJ,TW"
ellie,Europe,NL,Northern Europe,IE,"IE,NL,GB,IL,NA,SE,LR,DK,BE,ZA"
finn,Europe,NO,Northern Europe,DK,"DK,NO,IS,IE,SE,TW,GB,DE,NL,BE"
penelope,Europe,NA,Northern Europe,GB,"GB,NA,ZA,FJ,CY,FR,IE,KE,BW,CI"
joseph,Africa,LR,Eastern Africa,KE,"KE,LR,FR,IE,CM,DE,LB,BE,NA,TZ"
isabelle,Europe,BE,Western Europe,FR,"FR,BE,CM,CH,GB,NL,BF,IE,DK,CI"
ryan,Europe,ID,Northern Europe,GB,"GB,ID,NL,TW,IE,BN,KH,MY,BG,SA"
emilia,Europe,MD,Eastern Europe,SK,"SK,MD,BG,GE,NA,PL,RO,SE,IT,IL"
edward,Europe,KE,Northern Europe,IE,"IE,KE,GB,NL,LR,TZ,BE,AM,NA,PL"
ayla,Asia,TR,Western Asia,AZ,"AZ,TR,TM,AE,BG,BH,UZ,LB,IL,MA"
muhammad,Asia,MY,Southern Asia,PK,"PK,MY,SY,AF,BN,SA,UZ,BD,JO,IQ"
poppy,Africa,ZA,Southern Africa,NA,"NA,ZA,ID,GB,BW,TW,KH,BD,MM,TZ"
louis,Europe,BE,Western Europe,FR,"FR,BE,CY,CM,DK,NL,IE,LB,CI,CH"
eleanor,Europe,GB,Northern Europe,IE,"IE,GB,MD,IL,UZ,MY,RU,NA,GE,SE"
austin,Europe,LR,Northern Europe,IE,"IE,LR,KE,GB,MM,RO,CM,DE,NO,TW"
abigail,Asia,GB,Western Asia,AZ,"AZ,GB,IL,UZ,IE,IQ,AE,GE,KE,ZA"
logan,Europe,FR,Northern Europe,GB,"GB,FR,VN,ZA,AZ,TW,RO,MY,CI,TR"
emma,Europe,GB,Northern Europe,SE,"SE,GB,LR,IE,AM,NA,TZ,KE,FI,FR"
daniel,Europe,CH,Eastern Europe,RO,"RO,CH,ET,BG,CZ,KE,HR,IL,LR,SE"
eva,Europe,SE,Eastern Europe,SK,"SK,SE,IL,BG,CZ,HU,GE,AT,NL,KE"
adam,Europe,HU,Eastern Europe,PL,"PL,HU,TD,IL,GB,NE,CZ,MA,AZ,ET"
elsie,Europe,IE,Northern Europe,GB,"GB,IE,NA,ZA,BE,KE,DK,NL,IL,CM"
michael,Europe,DE,Western Europe,AT,"AT,DE,DK,CH,CZ,IE,FR,KE,NL,SE"
billie,Africa,GB,Western Africa,LR,"LR,GB,IE,IL,CM,SE,NL,ZA,KE,BF"
sonny,Asia,KH,South-Eastern Asia,ID,"ID,KH,SE,BE,NL,DK,NA,IL,ZA,NO"
mackenzie,Africa,IE,Southern Africa,ZA,"ZA,IE,GB,NA,CM,KE,NL,CZ,IL,BF"
jackson,Africa,TZ,Eastern Africa,KE,"KE,TZ,LR,NA,GB,NL,IE,TW,FR,IL"
freya,Europe,ET,Western Europe,BE,"BE,ET,NA,GB,IL,NL,DK,TW,TZ,KE"
jasper,Europe,DK,Western Europe,NL,"NL,DK,KE,SE,BE,SI,EE,UZ,TZ,GB"
lola,Asia,GE,Central Asia,UZ,"UZ,GE,IL,RS,RS,TJ,AZ,TM,UA,EG"
gabriel,Europe,FR,Eastern Europe,RO,"RO,FR,CH,CM,IL,HU,BG,SK,AT,KE"
bonnie,Africa,BW,Southern Africa,ZA,"ZA,BW,NL,KE,LR,DK,CM,NA,GB,IL"
jordan,Europe,RS,Eastern Europe,BG,"BG,RS,RS,GB,NL,FR,MK,CM,IE,KE"
alice,Europe,KE,Northern Europe,IE,"IE,KE,LR,FR,CM,GB,CH,LB,NL,CZ"
patrick,Europe,KE,Northern Europe,IE,"IE,KE,BE,FR,CH,NL,CM,LR,GB,SE"
stella,Asia,BG,Western Asia,CY,"CY,BG,IT,SE,GB,IL,KE,RO,MD,TZ"
leon,Asia,NL,Western Asia,IL,"IL,NL,FR,HR,MD,BE,NA,KE,GB,CM"
remi,Europe,GE,Western Europe,FR,"FR,GE,NL,CH,EE,BF,BE,MG,NO,ID"
riley,Europe,NL,Northern Europe,GB,"GB,NL,IL,KH,NA,TW,ZA,KE,LR,ID"
olive,Europe,CM,Northern Europe,GB,"GB,CM,IE,LR,FR,NO,EE,KE,BE,NA"
aiden,Asia,IE,Central Asia,KZ,"KZ,IE,GB,KG,MY,AZ,TW,EE,BN,GE"
millie,Europe,IE,Western Europe,NL,"NL,IE,GB,KE,IL,ZA,LR,DK,NA,CZ"
carter,Europe,DK,Northern Europe,GB,"GB,DK,SE,NL,KE,LR,CH,IE,DE,BE"
eloise,Europe,CM,Western Europe,FR,"FR,CM,BE,CH,CF,BF,CI,TD,MG,GB"
eli,Asia,IL,Western Asia,GE,"GE,IL,AZ,EE,BG,MD,FI,ID,FJ,NA"
harriet,Europe,IE,Western Europe,NL,"NL,IE,GB,KE,LR,BE,IL,DE,AM,VN"
jayden,Europe,NL,Northern Europe,GB,"GB,NL,TW,NA,ZA,BG,KR,KE,IE,MY"
elena,Europe,MD,Eastern Europe,RU,"RU,MD,SK,GE,UA,BG,RO,UZ,CY,IL"
luka,Europe,SI,Southern Europe,HR,"HR,SI,GE,CZ,RS,RS,NA,SK,BG,LT"
piper,Europe,NL,Northern Europe,DK,"DK,NL,SE,EE,IL,TW,GE,GB,BE,AZ"
ali,Asia,GE,Western Asia,IQ,"IQ,GE,AZ,BH,LB,SY,SA,IR,MD,UZ"
lara,Asia,HR,Western Asia,GE,"GE,HR,IT,IL,MD,SE,CH,RU,AZ,CZ"
lincoln,Africa,KE,Western Africa,LR,"LR,KE,ZA,NA,GB,TW,SE,MY,KH,NL"
eliana,Asia,BG,Western Asia,GE,"GE,BG,IT,IL,MD,RO,RU,CY,TZ,MG"
theo,Europe,FR,Western Europe,NL,"NL,FR,ZA,BW,CH,DE,CM,BE,NA,CY"
addison,Africa,GB,Eastern Africa,ET,"ET,GB,LR,KE,IL,MY,NA,ID,TW,NL"
river,Europe,DE,Northern Europe,EE,"EE,DE,IL,GE,CH,GB,AZ,DK,UZ,TW"
savannah,Africa,KE,Western Africa,LR,"LR,KE,IE,AZ,IL,NA,GB,KH,MY,BN"
flynn,Europe,TW,Northern Europe,GB,"GB,TW,IE,KE,BE,NL,NA,DE,MY,MM"
bella,Europe,IL,Eastern Europe,HU,"HU,IL,IE,GB,NA,AZ,SE,KE,IT,CM"
felix,Europe,CH,Western Europe,DE,"DE,CH,KE,CM,FR,AT,IL,TZ,NA,MG"
phoebe,Africa,VN,Eastern Africa,KE,"KE,VN,IE,BW,GB,ZA,KH,TW,NA,NL"
christian,Europe,DE,Western Europe,AT,"AT,DE,DK,CH,SE,FR,GB,NO,BE,CM"
ariana,Asia,RU,Western Asia,GE,"GE,RU,ID,IL,UA,AM,RO,MD,IT,CY"
leonardo,Europe,HR,Southern Europe,IT,"IT,HR,GE,NL,NA,IL,ZA,DE,CM,CH"
summer,Asia,PK,Western Asia,TR,"TR,PK,SA,AZ,IL,PS,JO,GE,AE,TW"
billy,Africa,GB,Eastern Africa,KE,"KE,GB,IL,IE,NA,CM,BG,ID,NL,TW"
aaliyah,Asia,BN,South-Eastern Asia,MY,"MY,BN,SA,LR,ID,AE,PK,AF,IL,ZA"
zachary,Africa,TZ,Eastern Africa,KE,"KE,TZ,IL,MG,GB,ZA,BN,MY,BF,CY"
sadie,Europe,IE,Northern Europe,GB,"GB,IE,ZA,BF,IL,CI,LR,CM,NA,FR"
asher,Asia,PK,Western Asia,IL,"IL,PK,UZ,AF,KZ,BD,GE,ET,SA,SY"
rose,Africa,IE,Eastern Africa,KE,"KE,IE,CM,GB,LR,NL,FR,TZ,IL,CH"
elias,Asia,ET,Western Asia,LB,"LB,ET,CY,NA,SE,IL,TZ,KE,CH,AT"
maeve,Europe,FR,Northern Europe,IE,"IE,FR,EE,GB,CM,MG,CH,BE,NL,ZA"
lennox,Africa,NL,Southern Africa,NA,"NA,NL,ZA,KE,SE,IL,BW,DK,GB,UZ"
claire,Europe,CM,Western Europe,FR,"FR,CM,GB,CH,IE,BE,BF,NL,CI,MG"
bodhi,Asia,IN,Southern Asia,LK,"LK,IN,ID,SA,UZ,GE,NA,BD,CI,ZA"
imogen,Europe,NA,Northern Europe,GB,"GB,NA,NL,UZ,TM,GE,DK,IL,DE,EE"
nicholas,Asia,KE,Western Asia,CY,"CY,KE,GB,IE,DK,CH,SE,BE,FR,LB"
zoey,Africa,TW,Southern Africa,ZA,"ZA,TW,GB,MY,NL,IL,UZ,BN,NA,RU"
angus,Europe,NA,Northern Europe,GB,"GB,NA,EE,IE,ID,NL,LV,ET,BN,SE"
leah,Asia,KE,Western Asia,IL,"IL,KE,TZ,GB,MY,IE,LR,NA,BW,ZA"
jude,Africa,KE,Middle Africa,CM,"CM,KE,FR,IE,CF,GB,MG,CI,BF,CH"
jasmine,Europe,CH,Western Europe,NL,"NL,CH,GB,CM,BE,FR,NA,KE,LB,AM"
roman,Europe,RU,Eastern Europe,UA,"UA,RU,CZ,GE,AZ,IL,SK,MD,AT,UZ"
elizabeth,Africa,IE,Eastern Africa,TZ,"TZ,IE,KE,NA,GB,LR,AT,IL,CH,NO"
vincent,Europe,KE,Western Europe,FR,"FR,KE,BE,NL,CM,SK,IE,CH,TD,CF"
anna,Europe,PL,Eastern Europe,SK,"SK,PL,SE,UA,AM,MD,RU,FI,CZ,IL"
matthew,Europe,IE,Northern Europe,GB,"GB,IE,LR,NA,KE,MY,ET,NL,ZA,PL"
eden,Africa,IL,Eastern Africa,ET,"ET,IL,IE,ID,KE,TR,TW,NA,GE,GB"
ezra,Asia,KE,Western Asia,IL,"IL,KE,TZ,ET,MY,NL,MG,ID,BN,UZ"
ari,Asia,GE,South-Eastern Asia,ID,"ID,GE,IL,FI,BN,AZ,MY,AM,NO,EE"
pippa,Europe,IT,Northern Europe,GB,"GB,IT,FI,SE,ZA,IN,NA,NL,TM,IL"
charles,Africa,FR,Eastern Africa,KE,"KE,FR,IE,GB,CM,CY,BE,LB,CH,NA"
nora,Asia,MY,Western Asia,GE,"GE,MY,IE,HU,AM,IL,BN,BG,UZ,KH"
luke,Europe,NL,Northern Europe,GB,"GB,NL,IE,NA,ZA,KE,TW,CZ,FJ,DE"
valentina,Europe,MD,Eastern Europe,RU,"RU,MD,UA,BG,GE,SK,RO,LT,HR,CZ"
spencer,Europe,TW,Northern Europe,GB,"GB,TW,KE,SI,UZ,ZA,LR,IL,NA,TR"
gabriella,Europe,HU,Southern Europe,IT,"IT,HU,RO,BG,AT,SK,CH,IL,CY,HR"
ashton,Europe,UZ,Northern Europe,GB,"GB,UZ,ZA,IL,NA,TZ,AM,KE,NL,TJ"
zayn,Asia,AZ,Central Asia,UZ,"UZ,AZ,TJ,KZ,AF,BD,BN,JO,MY,TM"
quinn,Asia,TW,South-Eastern Asia,VN,"VN,TW,NL,NA,ZA,KE,BE,GB,LR,AZ"
koa,Africa,BF,Western Africa,CI,"CI,BF,KH,UZ,FJ,NE,MY,JP,IL,LR"
hallie,Asia,NO,Western Asia,IL,"IL,NO,LR,GB,IE,NA,LB,NL,DK,BF"
owen,Europe,TW,Northern Europe,IE,"IE,TW,GB,KE,NA,ZA,NL,BW,TM,SE"
delilah,Asia,ID,South-Eastern Asia,BN,"BN,ID,MY,IE,ZA,KE,LR,AF,NA,TZ"
jaxon,Asia,KE,Central Asia,UZ,"UZ,KE,TW,LR,GB,TJ,NA,KR,KG,NL"
sarah,Asia,LR,Western Asia,SA,"SA,LR,IE,MY,KE,GB,AE,BN,EG,LB"
maxwell,Africa,GB,Eastern Africa,KE,"KE,GB,LR,ZA,NA,IE,IL,CM,SE,UZ"
lyla,Asia,KH,Western Asia,IL,"IL,KH,UA,BG,AZ,ZA,UZ,NA,RU,GB"
isaiah,Africa,LR,Eastern Africa,KE,"KE,LR,IL,NA,IE,GB,MY,ID,TZ,BN"
eliza,Asia,IL,Western Asia,GE,"GE,IL,IE,TZ,AZ,NA,BG,GB,RU,CY"
anthony,Africa,GB,Eastern Africa,KE,"KE,GB,LR,IE,FR,LB,MG,ID,RU,CY"
adeline,Europe,CM,Western Europe,FR,"FR,CM,LB,CH,BF,CI,BE,TD,IE,GB"
tyler,Europe,UZ,Northern Europe,GB,"GB,UZ,ZA,TW,AZ,NL,IL,TM,TJ,KG"
molly,Europe,GB,Northern Europe,IE,"IE,GB,IL,KE,BW,ZA,KH,NA,EG,LR"
connor,Europe,GB,Northern Europe,IE,"IE,GB,SE,NL,MY,MD,DK,NA,IL,ZA"
harlow,Asia,BN,South-Eastern Asia,MY,"MY,BN,GB,TW,LR,NA,ZA,NL,ET,KE"
annabelle,Europe,DK,Western Europe,FR,"FR,DK,CH,NL,SE,CM,BE,GB,EE,ZA"
marcus,Europe,DE,Northern Europe,SE,"SE,DE,NL,AT,CH,LR,DK,EE,IE,BE"
clara,Europe,SE,Northern Europe,GB,"GB,SE,IE,CH,IT,RO,MD,IL,AT,FR"
jake,Europe,NL,Northern Europe,GB,"GB,NL,KR,SE,NA,DK,ZA,IE,IL,TW"
axel,Europe,SE,Western Europe,DE,"DE,SE,FR,DK,BE,IS,CH,NO,CM,NL"
maddison,Europe,LR,Northern Europe,GB,"GB,LR,KE,FR,NL,IE,NA,ZA,UZ,MG"
caleb,Africa,LB,Eastern Africa,KE,"KE,LB,GB,IL,TD,NA,AZ,ZA,NL,CM"
ryder,Asia,UZ,Western Asia,IQ,"IQ,UZ,AZ,NL,KG,TW,IL,GB,DK,TN"
dylan,Europe,IE,Western Europe,NL,"NL,IE,FR,GB,KZ,TW,CM,MY,AZ,BG"
dominic,Europe,KE,Western Europe,CH,"CH,KE,BE,GB,FR,IE,CM,HR,DE,NL"
isabel,Europe,CH,Northern Europe,GB,"GB,CH,BE,IE,FR,KE,SE,IL,CM,AT"
chelsea,Asia,KH,Eastern Asia,TW,"TW,KH,GB,NA,KE,MY,NL,ZA,IL,RO"
maryam,Asia,AE,Southern Asia,IR,"IR,AE,AZ,AF,SY,SA,OM,PK,MA,EG"
alyssa,Europe,IL,Eastern Europe,RU,"RU,IL,GB,NL,AE,MY,UA,BF,LB,FR"
victoria,Europe,UA,Eastern Europe,MD,"MD,UA,RU,BG,IL,LR,RO,NA,KE,TZ"
aaron,Asia,LR,Western Asia,IL,"IL,LR,GB,NL,KE,EE,IE,TW,MY,NA"
indiana,Asia,ID,Western Asia,GE,"GE,ID,KZ,LK,RU,BG,NA,MD,UZ,AZ"
rosie,Europe,IE,Northern Europe,GB,"GB,IE,CM,NA,NL,ZA,IL,FR,MG,CH"
reuben,Africa,IL,Eastern Africa,KE,"KE,IL,GB,TZ,NL,LR,NA,BG,IE,DK"
toby,Europe,NL,Northern Europe,GB,"GB,NL,MG,IL,NA,TW,CH,ID,ZA,SE"
alexis,Europe,CY,Western Europe,FR,"FR,CY,RU,CM,CH,BE,GB,BY,TD,CF"
hamish,Asia,PK,Southern Asia,AF,"AF,PK,BN,GB,AM,IR,AZ,IQ,IN,AE"
nathaniel,Africa,CH,Western Africa,LR,"LR,CH,FR,IL,CM,NA,KE,BE,GE,GB"
john,Africa,IE,Eastern Africa,KE,"KE,IE,GB,DK,LR,NL,SE,NO,NA,TZ"
peyton,Europe,TW,Eastern Europe,BG,"BG,TW,NA,KE,NL,GB,KH,SK,LR,IL"
madeline,Europe,CM,Western Europe,FR,"FR,CM,CH,NL,IE,DK,SE,BF,BE,GB"
heidi,Europe,CH,Northern Europe,FI,"FI,CH,NO,EE,DK,DE,BE,AT,NL,IS"
darcy,Europe,LR,Northern Europe,GB,"GB,LR,KE,IE,TW,NA,KH,IL,ZA,ID"
thea,Asia,NL,South-Eastern Asia,KH,"KH,NL,CY,NO,ZA,DE,NA,DK,CH,IE"
phoenix,Africa,KH,Eastern Africa,KE,"KE,KH,VN,TW,CM,NA,IE,NL,GB,MM"
nathan,Europe,GB,Western Europe,BE,"BE,GB,NL,IL,FR,LK,AZ,KH,CH,KZ"
madeleine,Europe,CM,Western Europe,FR,"FR,CM,CH,BF,SE,NL,TD,DK,BE,IE"
nate,Asia,NL,Western Asia,GE,"GE,NL,NA,BF,CI,CH,ZA,IL,AT,GB"
madison,Africa,GB,Western Africa,LR,"LR,GB,GE,KE,UZ,FR,TZ,ZA,MG,NA"
hayley,Europe,ET,Northern Europe,GB,"GB,ET,IL,ZA,IE,NL,KH,NA,NE,MY"
david,Europe,GB,Eastern Europe,CZ,"CZ,GB,KE,AM,IE,GE,CH,BE,SE,CM"
kiara,Asia,BG,Western Asia,GE,"GE,BG,NE,KH,IE,BF,KE,AZ,MY,NL"
lillian,Europe,KE,Eastern Europe,BG,"BG,KE,GB,IE,RO,DK,IL,NO,TW,MD"
lilly,Africa,GB,Eastern Africa,KE,"KE,GB,IL,IE,NA,NL,DK,ZA,TW,CH"
zahra,Asia,AZ,Southern Asia,IR,"IR,AZ,AF,MA,AE,OM,PK,BH,SA,IQ"
jessica,Europe,NL,Northern Europe,SE,"SE,NL,GB,RS,RS,NA,KE,LR,CH,IE"
harley,Europe,NL,Northern Europe,GB,"GB,NL,LR,IL,KE,TW,NA,MY,ID,IE"
nixon,Africa,UZ,Eastern Africa,KE,"KE,UZ,LR,NA,GB,TZ,ID,IE,TJ,IL"
mariam,Asia,GE,Western Asia,AE,"AE,GE,LB,EG,SK,AM,MR,IL,NL,MA"
aisha,Asia,KZ,Western Asia,AE,"AE,KZ,PK,GE,OM,QA,MY,TZ,AZ,BN"
chase,Asia,CM,Eastern Asia,TW,"TW,CM,DK,GB,ZA,FR,KR,BW,KH,SE"
blake,Europe,CI,Northern Europe,GB,"GB,CI,MK,ZA,ET,NA,LR,IE,BF,NL"
andrew,Europe,UA,Northern Europe,GB,"GB,UA,IE,KE,RU,PL,CY,NA,LR,BY"
paige,Europe,CM,Northern Europe,GB,"GB,CM,TW,IE,GE,NA,EE,BF,FR,LK"
hayden,Asia,GB,Western Asia,TR,"TR,GB,IQ,TW,KH,AM,ET,NL,BG,IL"
jonathan,Europe,GB,Northern Europe,SE,"SE,GB,BE,FR,KE,NL,CH,LR,DK,DE"
josephine,Africa,FR,Eastern Africa,KE,"KE,FR,CM,IE,LR,BE,NL,GB,NA,DE"
eve,Europe,BE,Northern Europe,EE,"EE,BE,KE,NL,GB,IE,CM,FR,IL,NO"
amelie,Europe,CM,Western Europe,FR,"FR,CM,CI,LB,BE,SE,BF,IL,LR,GB"
braxton,Europe,KE,Northern Europe,GB,"GB,KE,NL,IL,IS,ZA,NA,CM,BG,SK"
alexandra,Europe,MD,Eastern Europe,RU,"RU,MD,UA,RO,BY,RS,RS,BG,UZ,CZ"
holly,Europe,IE,Northern Europe,GB,"GB,IE,MG,NA,TW,KH,IL,VN,DE,TZ"
elise,Europe,CM,Western Europe,FR,"FR,CM,NO,CH,BE,DK,NL,SE,NA,LB"
lexi,Asia,TW,Western Asia,IL,"IL,TW,GE,VN,NL,AZ,GB,FJ,RU,UA"
bailey,Europe,LR,Northern Europe,GB,"GB,LR,NE,IL,ZA,NL,TW,BW,NA,CI"
jesse,Europe,DK,Western Europe,NL,"NL,DK,GB,SE,FR,KE,FI,CM,LR,BE"
natalie,Europe,IL,Eastern Europe,MD,"MD,IL,BE,FR,NL,GB,NA,CM,CH,ZA"
christopher,Europe,AT,Northern Europe,GB,"GB,AT,IE,DE,KE,DK,CH,SE,FR,BE"
jade,Europe,FR,Northern Europe,GB,"GB,FR,NL,ZA,NA,LB,TW,BE,IE,RS"
caitlin,Europe,GB,Northern Europe,IE,"IE,GB,RO,TW,SE,NL,ZA,BG,EE,NA"
mikayla,Asia,IL,Western Asia,AZ,"AZ,IL,BG,SE,FI,ZA,LB,NL,UA,NA"
samantha,Asia,KH,Southern Asia,LK,"LK,KH,GB,NA,ZA,LR,IN,TZ,NL,IL"
mitchell,Europe,NL,Northern Europe,GB,"GB,NL,LR,IL,ZA,NA,KE,SE,CM,BG"
alex,Europe,UA,Eastern Europe,RU,"RU,UA,RO,CH,NL,KE,GB,LR,BY,MD"
skye,Asia,TW,South-Eastern Asia,MM,"MM,TW,ZA,KR,MY,NA,BN,GB,CF,VN"
jett,Europe,NL,Northern Europe,DK,"DK,NL,EE,DE,HU,GB,TW,IL,IE,SE"
tahlia,Asia,GE,Western Asia,IL,"IL,GE,ID,RU,AZ,MG,EG,MD,TN,NA"
cameron,Europe,IL,Northern Europe,GB,"GB,IL,RO,NL,IE,ZA,NA,CM,FR,TW"
kayla,Asia,GB,Western Asia,AZ,"AZ,GB,BG,ZA,NA,IL,NL,UZ,TR,MY"
aidan,Asia,AZ,Central Asia,KZ,"KZ,AZ,KG,IE,GE,MY,TZ,AM,RO,NE"
amy,Europe,IL,Northern Europe,GB,"GB,IL,MY,NL,BN,EG,IE,TW,ID,VN"
zac,Asia,AZ,Western Asia,IL,"IL,AZ,KE,MY,ZA,BN,BF,CM,LR,TW"
angelina,Europe,RU,Eastern Europe,MD,"MD,RU,BG,UA,RO,GE,SK,CY,IT,PL"
lauren,Europe,IE,Northern Europe,GB,"GB,IE,AM,BE,DK,NL,KZ,FR,IL,EE"
milla,Europe,AZ,Northern Europe,FI,"FI,AZ,KE,IL,SE,BG,DK,HU,IT,NA"
callum,Europe,IE,Northern Europe,GB,"GB,IE,AZ,CM,KE,SE,IL,TZ,ZA,LK"
annabel,Europe,GB,Northern Europe,IE,"IE,GB,SE,CH,NL,KE,IL,FR,BE,EE"
erin,Europe,EE,Northern Europe,SE,"SE,EE,CH,NL,ID,TR,IL,CM,TW,DE"
charli,Asia,ID,Western Asia,IL,"IL,ID,LK,ZA,CH,TW,DK,NA,CY,LB"
ashley,Europe,ZA,Northern Europe,GB,"GB,ZA,NA,NL,IL,MY,KE,IE,ET,BN"
alana,Asia,RU,Western Asia,GE,"GE,RU,MD,RS,RS,SK,HR,AZ,UA,IL"
koby,Africa,NL,Western Africa,CI,"CI,NL,IL,KH,UZ,NA,TW,ZA,LR,BN"
amber,Asia,NL,Western Asia,GE,"GE,NL,PK,GB,IL,ET,LR,BE,AZ,AE"
abbey,Asia,GB,Central Asia,UZ,"UZ,GB,IE,NE,AZ,IL,ET,CI,ZA,TD"
stephanie,Europe,BE,Northern Europe,GB,"GB,BE,FR,CM,CH,NL,DE,IE,AT,ZA"
gemma,Europe,IE,Northern Europe,GB,"GB,IE,NL,ET,AM,IT,TZ,IL,GE,NA"
declan,Europe,GB,Northern Europe,IE,"IE,GB,BG,RS,RS,UZ,IL,RO,TM,ID"
claudia,Europe,RO,Western Europe,AT,"AT,RO,CH,MD,DE,IT,DK,NA,FR,NL"
taylor,Europe,LR,Northern Europe,GB,"GB,LR,IL,UZ,MY,KH,UA,TW,GE,RU"
justin,Europe,CM,Western Europe,FR,"FR,CM,KE,DE,SK,NL,GB,NA,MG,LR"
cody,Europe,IE,Western Europe,NL,"NL,IE,TW,GB,KH,NA,ZA,VN,IL,RO"
sam,Asia,LB,South-Eastern Asia,KH,"KH,LB,AZ,EG,SA,SY,IQ,IL,JO,PS"
abby,Africa,GB,Southern Africa,NA,"NA,GB,BN,IE,IL,ID,TW,MY,KE,ZA"
tyson,Africa,GB,Southern Africa,NA,"NA,GB,KE,TW,ZA,TZ,KH,VN,LR,UZ"
joel,Europe,CM,Western Europe,FR,"FR,CM,KE,CH,SE,NL,BE,MG,NA,GB"
keira,Europe,JP,Northern Europe,GB,"GB,JP,IL,EE,GE,IE,FI,MY,AZ,NE"
seth,Asia,KE,South-Eastern Asia,KH,"KH,KE,NA,IN,TZ,LK,BW,ZA,GB,LR"
talia,Asia,GE,Western Asia,IL,"IL,GE,NA,MD,RU,UA,AZ,LB,ID,NE"
laura,Europe,GE,Eastern Europe,RO,"RO,GE,FI,LT,IT,EE,HR,NL,GB,KZ"
gabrielle,Europe,CM,Western Europe,FR,"FR,CM,CH,BE,NL,LB,IT,BF,GB,MG"
katie,Europe,GB,Northern Europe,IE,"IE,GB,BE,CI,NL,NA,EE,BW,CZ,IL"
rhys,Europe,ZA,Northern Europe,GB,"GB,ZA,NA,KE,IE,NL,TJ,QA,TM,UZ"
alicia,Europe,RO,Eastern Europe,SK,"SK,RO,MD,IE,CH,LR,IT,GB,IL,NA"
brock,Europe,KE,Western Europe,NL,"NL,KE,CM,GB,CI,IE,IL,NA,TZ,ZA"
bianca,Europe,NL,Eastern Europe,RO,"RO,NL,AT,DE,IT,BG,NA,DK,CH,SI"
tristan,Asia,VN,Western Asia,GE,"GE,VN,ID,NL,EE,GB,BG,FR,IE,TW"
natasha,Europe,GE,Eastern Europe,UA,"UA,GE,LK,IL,AZ,NA,RU,RS,RS,IN"
brooke,Europe,NL,Northern Europe,GB,"GB,NL,IL,ET,DK,BE,ZA,CI,IE,NA"
kate,Europe,GB,Northern Europe,IE,"IE,GB,DK,HR,UA,CZ,NO,BE,DE,HU"
brianna,Europe,DK,Northern Europe,IE,"IE,DK,GB,SK,IL,SE,NA,CH,NL,HU"
jai,Asia,KR,Southern Asia,IN,"IN,KR,TW,BN,MY,IL,FJ,NA,KG,AF"
taj,Asia,PK,Southern Asia,AF,"AF,PK,BD,AZ,BN,IN,AE,GE,RU,UZ"
brodie,Europe,IE,Northern Europe,GB,"GB,IE,CM,FR,CI,ZA,IL,NL,BE,DK"
rebecca,Africa,IE,Western Africa,LR,"LR,IE,GB,SE,CH,KE,NL,NA,TZ,DE"
jeremy,Europe,GB,Western Europe,FR,"FR,GB,NL,KE,BE,CH,NA,IE,LR,TW"
zane,Africa,LV,Southern Africa,ZA,"ZA,LV,NE,BF,GE,CI,NA,LB,IL,CM"
mary,Europe,KE,Northern Europe,IE,"IE,KE,GB,LR,TZ,IL,NL,MG,NA,AM"
rachel,Asia,CM,Western Asia,LB,"LB,CM,FR,CH,GB,IE,NL,KE,IL,LR"
sean,Asia,IE,South-Eastern Asia,KH,"KH,IE,GB,TW,KR,MY,IL,BE,ZA,NA"
brayden,Europe,RS,Eastern Europe,BG,"BG,RS,RS,NL,GB,IL,HR,ZA,NA,KH"
makayla,Africa,AZ,Southern Africa,ZA,"ZA,AZ,BG,UA,GE,UZ,NE,IL,AE,KH"
dean,Europe,HR,Northern Europe,GB,"GB,HR,BG,IE,MK,TW,RS,RS,IL,NL"
sara,Asia,EG,Western Asia,AZ,"AZ,EG,AE,SA,KH,LK,MA,GE,JO,LB"
caitlyn,Europe,GB,Northern Europe,IE,"IE,GB,ZA,TW,KE,NL,NA,IL,MY,LR"
tara,Asia,GE,Western Asia,AZ,"AZ,GE,IN,UA,KH,IL,NE,RS,RS,BD"
jamie,Europe,LR,Northern Europe,GB,"GB,LR,IE,NL,ZA,LB,NA,MY,TW,KE"
jorja,Europe,NL,Northern Europe,FI,"FI,NL,SI,SE,EE,DE,HR,MK,RS,RS"
peter,Europe,DK,Eastern Europe,SK,"SK,DK,AT,DE,SE,HU,NL,KE,CH,BG"
ebony,Europe,CM,Northern Europe,GB,"GB,CM,KE,NA,KH,ID,CI,IL,NL,IE"
kaitlyn,Europe,TW,Northern Europe,EE,"EE,TW,KZ,GB,NA,IE,LR,MY,ZA,KE"
charlize,Africa,NA,Southern Africa,ZA,"ZA,NA,NL,TW,FR,BE,CM,IL,GB,LB"
tiana,Africa,GE,Eastern Africa,MG,"MG,GE,BG,BF,ID,NA,IL,HR,RS,RS"
timothy,Africa,IE,Eastern Africa,KE,"KE,IE,GB,LR,NA,KH,BE,NL,ZA,TW"
kyle,Europe,ZA,Northern Europe,GB,"GB,ZA,KR,VN,NL,TW,NA,IE,MM,FR"
tayla,Asia,ZA,Western Asia,AZ,"AZ,ZA,TR,IL,BG,AE,NA,UA,GB,UZ"
ashleigh,Europe,ZA,Northern Europe,GB,"GB,ZA,IE,NA,NL,AM,AF,IR,TJ,MY"
jason,Europe,NA,Northern Europe,GB,"GB,NA,KE,TW,NL,KR,IE,LR,UZ,MY"
taylah,Africa,SA,Western Africa,LR,"LR,SA,MY,AF,IL,TR,GB,ZA,BN,JO"
brandon,Europe,BG,Northern Europe,GB,"GB,BG,NL,ZA,RS,RS,NA,IL,CM,KE"
monique,Europe,NL,Western Europe,FR,"FR,NL,CH,CM,BE,BF,CI,BD,MG,LB"
kye,Asia,MM,Eastern Asia,KR,"KR,MM,TW,MY,GB,KH,BN,VN,TD,NL"
paris,Asia,LV,Western Asia,CY,"CY,LV,AZ,ID,KE,GE,CM,EE,LR,AF"
corey,Europe,FR,Northern Europe,GB,"GB,FR,NL,IE,KE,IL,TW,KH,ZA,BE"
megan,Europe,MY,Northern Europe,GB,"GB,MY,TW,NA,IE,NL,ID,ZA,AZ,FR"
brendan,Europe,GB,Northern Europe,IE,"IE,GB,KE,ZA,NL,IL,NA,BE,CM,FR"
courtney,Europe,ZA,Northern Europe,GB,"GB,ZA,NA,LR,IE,NL,KE,IL,FR,TW"
ben,Asia,DK,Western Asia,IL,"IL,DK,NL,KE,BE,NO,GB,TW,SE,DE"
bethany,Europe,KE,Northern Europe,GB,"GB,KE,IL,NA,ID,KH,NL,ZA,CH,BE"
bradley,Europe,ZA,Northern Europe,GB,"GB,ZA,NA,NL,KE,IL,IE,CM,BE,IS"
angela,Europe,GE,Eastern Europe,MD,"MD,GE,RO,IT,BG,SK,CY,CH,SE,NL"
jacinta,Africa,IE,Eastern Africa,KE,"KE,IE,TZ,LR,NL,LV,GB,NA,PL,ID"
jemma,Europe,IE,Northern Europe,GB,"GB,IE,KE,GE,SE,LR,NA,AM,NL,TZ"
jennifer,Europe,GB,Northern Europe,SE,"SE,GB,DK,DE,NL,KE,FR,IE,TW,IL"
adrian,Europe,SK,Eastern Europe,RO,"RO,SK,BG,CH,MD,NL,PL,HU,GB,FR"
robert,Europe,AT,Western Europe,NL,"NL,AT,GB,IE,DE,FR,KE,CH,BE,AM"
bronte,Africa,CI,Middle Africa,CM,"CM,CI,ZA,GB,IL,DK,SE,IE,BF,LT"
christina,Asia,AT,Western Asia,CY,"CY,AT,SE,TZ,CH,BG,DK,NA,DE,IE"
danielle,Europe,CM,Western Europe,FR,"FR,CM,CH,NL,BE,DK,GB,CI,ZA,IE"
julia,Europe,RU,Eastern Europe,SK,"SK,RU,GE,UA,AT,NA,DE,BG,IE,PL"
shakira,Asia,GE,Central Asia,UZ,"UZ,GE,IL,AZ,PK,TZ,KZ,MY,LK,AF"
nicole,Europe,NL,Western Europe,CH,"CH,NL,FR,DK,BE,CM,GB,ZA,IT,LB"
jarrod,Asia,GB,Central Asia,UZ,"UZ,GB,TJ,KE,IE,ZA,LR,NO,AE,NL"
jasmin,Asia,CH,Central Asia,UZ,"UZ,CH,RS,RS,AZ,MK,HR,NL,DE,GB"
mark,Europe,GB,Western Europe,NL,"NL,GB,IE,IL,DK,BE,KE,DE,EE,CH"
reece,Europe,ZA,Northern Europe,GB,"GB,ZA,IE,IL,EE,NA,LR,CM,NL,KE"
vanessa,Africa,BG,Middle Africa,CM,"CM,BG,BE,ZA,NL,AM,GB,IT,IL,FR"
jye,Asia,KR,Eastern Asia,TW,"TW,KR,DK,MY,MM,FJ,CF,IL,TD,NL"
kevin,Africa,GB,Eastern Africa,KE,"KE,GB,BE,EE,TW,IE,NL,FR,CM,DE"
rachael,Europe,IE,Northern Europe,GB,"GB,IE,KE,LB,IL,CM,CH,NL,NA,FR"
brittany,Europe,GB,Western Europe,BE,"BE,GB,NL,KH,SE,CH,KE,DK,IE,CM"
katherine,Europe,BE,Northern Europe,IE,"IE,BE,DK,GB,NO,CH,KE,DE,AT,FR"
steven,Europe,GB,Western Europe,BE,"BE,GB,NL,BG,KE,RS,RS,DE,NO,TW"
michelle,Europe,CM,Western Europe,FR,"FR,CM,DK,NL,CH,BE,GB,IE,ZA,LB"
britney,Europe,NL,Northern Europe,GB,"GB,NL,ZA,IE,NA,KE,BE,IL,CM,FR"
breanna,Europe,IL,Northern Europe,IE,"IE,IL,GB,NA,SK,NL,IS,SE,CZ,HU"
katelyn,Europe,GB,Northern Europe,IE,"IE,GB,EE,KE,BE,IL,NA,AT,TW,UA"
catherine,Europe,CM,Western Europe,FR,"FR,CM,IE,BE,CH,KE,GB,NO,DK,NL"
bryce,Europe,IE,Northern Europe,GB,"GB,IE,KE,NL,CM,ZA,TZ,IL,BW,TW"
melissa,Europe,ET,Western Europe,NL,"NL,ET,IL,ZA,NA,CM,GB,ID,FR,TZ"
mathew,Europe,GB,Northern Europe,IE,"IE,GB,NA,LR,KE,ET,MY,TZ,PL,ZA"
shania,Asia,GE,Western Asia,IL,"IL,GE,NA,TZ,PK,BD,ZA,TW,GB,LK"
amanda,Africa,LK,Southern Africa,ZA,"ZA,LK,GB,NL,EG,SE,NA,GE,NE,TZ"
jared,Africa,GB,Eastern Africa,KE,"KE,GB,NL,LR,IE,NO,IL,DE,CZ,NA"
cassandra,Europe,NL,Eastern Europe,RO,"RO,NL,GB,SE,CH,IE,IT,FR,RS,RS"
rhiannon,Europe,NL,Northern Europe,GB,"GB,NL,NA,ZA,UZ,IE,IL,TJ,KE,TW"
scott,Europe,TW,Northern Europe,GB,"GB,TW,IL,IE,NL,DE,ZA,NA,DK,KR"
casey,Europe,NL,Northern Europe,GB,"GB,NL,TW,KH,NA,ZA,IE,IL,KE,FR"
shannon,Asia,TW,Western Asia,IL,"IL,TW,UZ,GB,MY,NA,ZA,NL,IE,LK"
paul,Europe,FR,Western Europe,DE,"DE,FR,KE,NL,GB,CM,CH,BE,RO,IE"
travis,Europe,NA,Northern Europe,GB,"GB,NA,KE,VN,ZA,CY,TW,LV,LR,EE"
georgina,Europe,RU,Eastern Europe,BG,"BG,RU,RO,CY,GB,AT,IE,IL,KE,DE"
monica,Europe,RO,Eastern Europe,SK,"SK,RO,RS,RS,SE,IT,TZ,BG,CH,NA"
nicola,Europe,RO,Southern Europe,IT,"IT,RO,BG,CH,CY,GB,MD,DE,ZA,CZ"
tiffany,Asia,GB,Eastern Asia,TW,"TW,GB,BE,ID,KH,FR,NL,MG,NA,VN"
melanie,Europe,NL,Western Europe,FR,"FR,NL,CH,DE,CM,AT,GB,BE,ZA,NA"
simon,Asia,KE,Western Asia,IL,"IL,KE,GB,NA,CH,SI,NL,DK,GE,ZA"
shaun,Europe,TW,Northern Europe,GB,"GB,TW,ZA,MY,IL,NA,UZ,BD,IE,AZ"
richard,Europe,AT,Western Europe,DE,"DE,AT,NL,IE,GB,KE,CH,SE,NO,CM"
mikaela,Europe,SK,Northern Europe,SE,"SE,SK,FI,CZ,BG,IL,RO,DK,RS,RS"
jacqueline,Europe,NL,Western Europe,FR,"FR,NL,KE,CM,GB,CH,BE,LR,DK,MG"
stephen,Africa,GB,Eastern Africa,KE,"KE,GB,IE,DE,BE,LR,IL,TW,NL,BG"
lisa,Europe,NL,Northern Europe,SE,"SE,NL,ZA,GB,RU,AT,ID,IE,DK,NA"
ellen,Europe,NL,Northern Europe,IE,"IE,NL,GB,BE,NO,DK,SE,NA,KE,IL"
tegan,Europe,NA,Northern Europe,GB,"GB,NA,IE,ID,AZ,BF,ET,ZA,NL,TW"
renee,Europe,FR,Western Europe,NL,"NL,FR,CH,BE,EE,ZA,CM,IL,DK,NA"
chantelle,Africa,ZA,Middle Africa,CM,"CM,ZA,FR,NL,DK,CH,BE,TW,NA,GB"
shane,Europe,GB,Northern Europe,IE,"IE,GB,ZA,TW,IL,AM,NA,GE,BE,LK"
jessie,Europe,IE,Northern Europe,GB,"GB,IE,NL,DK,LR,FR,NA,SE,BE,TW"
naomi,Asia,IL,Eastern Asia,JP,"JP,IL,GE,KE,LR,TZ,NA,ID,BW,LK"
kimberley,Europe,NL,Northern Europe,GB,"GB,NL,KE,KH,ZA,BE,NA,TW,IE,MY"
tamara,Asia,MD,Western Asia,GE,"GE,MD,RU,RS,RS,AZ,IL,HU,AM,UA"
jay,Asia,GB,Southern Asia,IN,"IN,GB,LR,NL,NA,AZ,IL,TW,ZA,LK"
alison,Europe,UZ,Northern Europe,GB,"GB,UZ,KE,LR,IE,FR,NA,IL,MG,TZ"
kurt,Europe,AT,Western Europe,DE,"DE,AT,DK,BE,CH,SE,NO,IL,TR,KG"
tori,Asia,GE,Eastern Asia,JP,"JP,GE,NO,FI,IL,ID,EE,BF,FJ,GB"
trent,Europe,GB,Western Europe,NL,"NL,GB,FR,BE,KH,NA,TD,DK,CH,ZA"
ashlee,Africa,GB,Southern Africa,ZA,"ZA,GB,MY,NA,IL,NL,BN,LK,LR,TW"
kieran,Europe,GB,Northern Europe,IE,"IE,GB,VN,IL,MY,AZ,KR,SE,KH,NL"
kane,Africa,NE,Western Africa,CI,"CI,NE,JP,BF,GB,BW,GE,TW,ZA,NA"
kelly,Europe,BW,Northern Europe,GB,"GB,BW,KE,NL,BE,NA,IL,EE,TW,IE"
louise,Europe,DK,Western Europe,FR,"FR,DK,GB,CM,IE,BE,SE,NL,ZA,CI"
phillip,Europe,KE,Northern Europe,GB,"GB,KE,IE,BE,ZA,NA,CH,DE,AT,LR"
rebekah,Africa,GB,Western Africa,LR,"LR,GB,KE,IE,NA,MY,ID,ZA,BN,CH"
jonathon,Europe,KE,Northern Europe,GB,"GB,KE,LR,SE,UZ,DK,NA,NL,IE,IS"
julian,Europe,KE,Eastern Europe,SK,"SK,KE,GB,DE,FR,AT,IE,BG,NL,DK"
aimee,Africa,MG,Middle Africa,CM,"CM,MG,FR,MY,CI,GB,NL,NA,BF,BN"
damien,Europe,BE,Western Europe,FR,"FR,BE,NL,CH,IE,HR,GB,VN,BG,CM"
kathryn,Europe,IE,Northern Europe,GB,"GB,IE,DE,KE,BE,NA,EE,ZA,CH,NO"
troy,Europe,GB,Northern Europe,NO,"NO,GB,VN,NL,KH,ZA,TW,NA,ID,DK"
stacey,Europe,NA,Northern Europe,GB,"GB,NA,ZA,KE,RU,TW,IE,NL,UA,BG"
brendon,Africa,GB,Southern Africa,ZA,"ZA,GB,NL,NA,IE,KE,CM,IL,CI,BG"
sally,Europe,KE,Northern Europe,GB,"GB,KE,EG,IL,NA,KH,TZ,ZA,ID,LB"
eric,Europe,BE,Western Europe,FR,"FR,BE,KE,CM,CH,SE,NL,LR,MG,DE"
christine,Europe,CM,Western Europe,FR,"FR,CM,AT,CH,DK,BE,KE,GB,IE,NL"
todd,Europe,GB,Northern Europe,NO,"NO,GB,IL,SE,UZ,BG,NL,TW,DE,TJ"
belinda,Europe,ZA,Western Europe,NL,"NL,ZA,NA,BF,GE,KE,GB,IE,HU,SE"
katrina,Europe,UA,Eastern Europe,BG,"BG,UA,SK,EE,CZ,NA,SE,FI,AT,DE"
brett,Europe,IE,Northern Europe,GB,"GB,IE,ZA,HU,IL,EE,NL,DK,KE,DE"
simone,Europe,CH,Southern Europe,IT,"IT,CH,DK,NL,FR,CM,ZA,AT,DE,IL"
brent,Europe,NL,Western Europe,BE,"BE,NL,CM,FR,IE,KE,GB,CH,ZA,TD"
martin,Europe,AT,Eastern Europe,SK,"SK,AT,CZ,BG,EE,DE,NL,SE,CH,DK"
kristy,Africa,BE,Southern Africa,NA,"NA,BE,ID,EE,GB,BG,CZ,NL,HU,NO"
kirsty,Europe,NL,Northern Europe,GB,"GB,NL,DK,ZA,BE,KE,ET,RU,IE,KH"
crystal,Asia,MY,Western Asia,IL,"IL,MY,CM,GB,ZA,TW,FR,NA,RO,CH"
raymond,Asia,FR,Western Asia,LB,"LB,FR,NL,NO,IE,GB,CM,BE,IL,CH"
craig,Europe,IE,Northern Europe,GB,"GB,IE,ZA,TW,QA,IL,AZ,NA,RO,DK"
jenna,Europe,SE,Northern Europe,FI,"FI,SE,GB,DK,IL,NL,IE,NA,LR,TW"
dale,Europe,ZA,Northern Europe,GB,"GB,ZA,IL,LT,CM,NA,CI,NO,ET,BF"
grant,Europe,AM,Northern Europe,GB,"GB,AM,GE,KE,HU,ZA,CM,FR,IE,IN"
kathleen,Europe,BE,Northern Europe,IE,"IE,BE,GB,DE,DK,NL,EE,NA,KE,NO"
gregory,Europe,BE,Western Europe,FR,"FR,BE,GB,RU,IE,KE,CH,IL,TZ,NA"
kristen,Europe,NO,Northern Europe,DK,"DK,NO,EE,BE,SE,DE,BG,NL,AM,HR"
danny,Asia,NL,Western Asia,IL,"IL,NL,BE,GB,KH,ID,IE,SE,DK,CH"
carly,Europe,NL,Northern Europe,GB,"GB,NL,CM,IL,CH,DK,BE,SE,NA,IE"
ian,Europe,BG,Northern Europe,GB,"GB,BG,RO,GE,MD,IE,KE,IL,NL,DK"
dane,Africa,GB,Middle Africa,CM,"CM,GB,ET,CH,IE,FR,ZA,NL,NE,HR"
kylie,Europe,NL,Northern Europe,GB,"GB,NL,ZA,NA,FR,KR,BE,TW,CM,IE"
darren,Europe,IE,Northern Europe,GB,"GB,IE,KZ,IL,TW,NL,ZA,KE,HR,BG"
clare,Europe,IE,Northern Europe,GB,"GB,IE,CM,FR,BF,DK,KE,SE,CH,IT"
stuart,Europe,IE,Northern Europe,GB,"GB,IE,NL,SE,BE,DE,IS,EE,ZA,IL"
alyce,Europe,IL,Northern Europe,GB,"GB,IL,KE,NL,IE,FR,MY,LR,TZ,LB"
jodie,Europe,FR,Northern Europe,GB,"GB,FR,NL,CM,IE,ZA,BE,NA,IL,MG"
gavin,Europe,IE,Northern Europe,GB,"GB,IE,IL,TW,AZ,BG,LK,NA,ZA,UZ"
krystal,Asia,PL,Western Asia,IL,"IL,PL,CZ,LB,BE,CM,GB,MY,KH,UZ"
kimberly,Europe,NL,Northern Europe,GB,"GB,NL,KH,BE,KE,NA,TW,ZA,VN,MY"
philip,Europe,KE,Western Europe,BE,"BE,KE,GB,IE,CH,SE,LR,ZA,DE,BG"
joanne,Europe,GB,Western Europe,NL,"NL,GB,DK,IE,KE,FR,BE,SE,NO,CH"
tanya,Europe,BG,Eastern Europe,UA,"UA,BG,IL,AZ,RU,UZ,AM,NA,ZA,BY"
tony,Asia,GB,Western Asia,LB,"LB,GB,KE,KH,IE,SE,BG,NL,VN,BE"
evan,Africa,GE,Eastern Africa,KE,"KE,GE,IE,NL,SK,BG,DK,TW,IL,ID"
julie,Europe,BE,Western Europe,FR,"FR,BE,CM,GB,DK,IE,CZ,MG,NL,CH"
fiona,Europe,IE,Eastern Europe,MD,"MD,IE,GB,NA,MG,IL,ZA,KE,IT,CH"
geoffrey,Africa,GB,Eastern Africa,KE,"KE,GB,TZ,FR,NL,IE,BE,RU,NA,IL"
karina,Europe,UA,Eastern Europe,RU,"RU,UA,GE,SK,CZ,BG,KZ,SE,AM,UZ"
melinda,Europe,ZA,Western Europe,NL,"NL,ZA,NA,GE,ID,GB,HU,LK,IL,HR"
jeffrey,Europe,KE,Western Europe,NL,"NL,KE,GB,TW,BE,LR,NA,FR,ZA,IE"
wayne,Europe,KE,Northern Europe,GB,"GB,KE,ZA,TW,IE,NA,MY,NL,MM,LR"
ricky,Europe,ID,Western Europe,NL,"NL,ID,NA,GB,IL,ZA,BE,KE,TW,MG"
glen,Europe,BE,Northern Europe,GB,"GB,BE,NO,IE,SE,DK,NL,ZA,TW,IL"
leanne,Europe,NL,Northern Europe,GB,"GB,NL,DK,FR,IE,CM,CH,BE,IL,ZA"
candice,Europe,CM,Western Europe,FR,"FR,CM,TR,GB,ZA,KE,TW,NA,CH,BE"
heather,Europe,IE,Northern Europe,GB,"GB,IE,IL,NL,DE,KE,DK,CH,LR,NA"
karen,Asia,DK,Western Asia,AM,"AM,DK,GB,NO,BE,NL,EE,DE,IE,TW"
glenn,Europe,NO,Northern Europe,GB,"GB,NO,BE,SE,DK,IE,NL,ZA,NA,TW"
linda,Europe,ZA,Northern Europe,SE,"SE,ZA,NL,NA,CZ,ID,IL,GB,NO,GE"
lee,Asia,MY,Eastern Asia,KR,"KR,MY,TW,GB,ZA,NL,BN,NA,IL,KH"
allan,Europe,GB,Northern Europe,DK,"DK,GB,IL,AZ,KE,EE,UA,KZ,RU,UZ"
wade,Asia,BF,Eastern Asia,TW,"TW,BF,ZA,GB,LB,CI,ID,NE,BN,TD"
maria,Europe,MD,Eastern Europe,SK,"SK,MD,GE,RO,IT,BG,CY,PL,UA,SE"
susan,Europe,IE,Northern Europe,GB,"GB,IE,KE,AZ,DK,NL,AM,ID,SE,GE"
russell,Europe,IL,Northern Europe,GB,"GB,IL,ZA,UZ,NA,BD,IE,CM,BN,RU"
neil,Europe,IE,Northern Europe,GB,"GB,IE,IL,ZA,GE,TN,LK,NA,AZ,BG"
brenton,Africa,NL,Southern Africa,ZA,"ZA,NL,KE,GB,NA,IE,IL,BE,CM,LR"
kellie,Europe,IE,Northern Europe,GB,"GB,IE,NL,BW,DK,BE,KE,LR,ZA,CM"
kim,Asia,KH,Eastern Asia,KR,"KR,KH,VN,DK,MY,NL,BE,SE,AZ,UZ"
gary,Europe,IE,Northern Europe,GB,"GB,IE,AM,IL,LR,TW,RU,KE,ID,NA"
marc,Europe,CH,Western Europe,FR,"FR,CH,BE,NL,LB,DE,CM,MG,GB,CI"
clinton,Europe,KE,Northern Europe,GB,"GB,KE,ZA,NA,NL,LR,TW,IE,SE,RO"
jane,Africa,GB,Eastern Africa,KE,"KE,GB,IE,DK,NL,EE,NO,TZ,FR,CH"
kristie,Europe,NA,Western Europe,BE,"BE,NA,DK,GB,CZ,EE,NL,NO,SE,ZA"
brian,Europe,IE,Northern Europe,DK,"DK,IE,GB,KE,NL,CH,RO,AT,SK,DE"
felicity,Africa,NA,Eastern Africa,KE,"KE,NA,GB,ZA,LR,CM,ID,IE,NL,TZ"
micheal,Europe,KE,Northern Europe,IE,"IE,KE,SK,ET,GB,CM,IL,LB,CH,NL"
patricia,Europe,IE,Eastern Europe,SK,"SK,IE,CH,LR,KE,IT,NA,SE,FR,BE"
tracey,Europe,ZA,Northern Europe,GB,"GB,ZA,NA,VN,IE,KE,TW,NL,LR,KH"
ross,Europe,IE,Northern Europe,GB,"GB,IE,NA,IL,CM,BG,KH,NL,KE,MY"
anita,Europe,HU,Southern Europe,HR,"HR,HU,IN,LV,ID,BG,SK,RO,CH,PL"
rodney,Europe,NA,Northern Europe,GB,"GB,NA,NL,KE,ZA,IE,IL,KH,LR,TW"
colin,Europe,IE,Northern Europe,GB,"GB,IE,CM,NL,TW,FR,CH,DE,RO,NA"
leigh,Europe,ZA,Northern Europe,GB,"GB,ZA,IE,NA,NL,DK,IR,SE,GE,TW"
chad,Asia,LK,Western Asia,LB,"LB,LK,TW,MA,MY,AZ,GB,BN,IL,TN"
carla,Europe,NL,Southern Europe,IT,"IT,NL,RO,CH,SE,LB,GB,IL,DK,DE"
peta,Europe,BG,Eastern Europe,CZ,"CZ,BG,SK,RS,RS,MK,HR,RO,SE,MD"
diana,Europe,GE,Eastern Europe,BG,"BG,GE,UA,RO,ID,MD,KZ,HR,SK,UZ"
alan,Europe,IE,Northern Europe,GB,"GB,IE,AZ,IQ,MY,GE,FR,IL,EE,RS"
donna,Europe,IE,Northern Europe,GB,"GB,IE,BG,IL,ID,NA,UZ,NL,GE,IT"
helen,Africa,GB,Eastern Africa,ET,"ET,GB,EE,IE,SE,DK,IL,NO,NL,NA"
clint,Europe,ZA,Northern Europe,GB,"GB,ZA,KE,HU,NL,CM,TW,IE,BE,NA"
sharon,Asia,UZ,Western Asia,IL,"IL,UZ,GB,MY,KE,TW,NA,NL,ZA,LR"
trevor,Europe,IE,Northern Europe,GB,"GB,IE,NA,ZA,BG,EE,NO,NL,KE,IS"
joanna,Europe,SE,Eastern Europe,PL,"PL,SE,SK,IE,GB,NA,FI,CZ,DK,BG"
suzanne,Europe,NL,Western Europe,FR,"FR,NL,CM,CH,DK,GB,BE,IE,BF,KE"
tammy,Asia,IL,South-Eastern Asia,VN,"VN,IL,NL,GB,ZA,NA,TW,LR,ID,KE"
caroline,Africa,CM,Eastern Africa,KE,"KE,CM,FR,GB,IE,BE,CH,NL,DK,SE"
sandra,Europe,RS,Southern Europe,RS,"RS,RS,AT,CH,LK,NL,RO,IN,HU,HR"
douglas,Africa,GB,Eastern Africa,KE,"KE,GB,SE,CM,IE,NA,CY,LT,FR,CH"
tania,Asia,BD,Western Asia,GE,"GE,BD,BG,UA,LB,MD,IL,PK,NA,RO"
damian,Europe,HR,Eastern Europe,PL,"PL,HR,BG,RO,CH,KZ,GB,IE,SK,GE"
tracy,Europe,VN,Northern Europe,GB,"GB,VN,NA,KE,IE,ZA,TW,LR,LB,BW"
brad,Europe,RS,Southern Europe,RS,"RS,RS,GB,IL,NL,MA,ZA,AZ,TN,QA"
allison,Europe,LR,Northern Europe,GB,"GB,LR,KE,TZ,NA,TW,IL,UZ,FR,IE"
deborah,Europe,GB,Northern Europe,IE,"IE,GB,LR,KE,CH,TZ,IL,NL,ID,FR"
jodi,Europe,ZA,Northern Europe,GB,"GB,ZA,ID,IL,NL,NA,BN,GE,FJ,IS"
bronwyn,Africa,GB,Southern Africa,ZA,"ZA,GB,IE,IL,NA,NL,CZ,KH,PL,CI"
renae,Europe,NA,Western Europe,NL,"NL,NA,CH,FR,GB,ZA,EE,MA,TZ,AZ"
tina,Asia,HR,Western Asia,GE,"GE,HR,SI,DK,BG,MG,SE,NA,RO,RS"
nigel,Europe,IE,Northern Europe,GB,"GB,IE,NL,AZ,BG,ET,ZA,UZ,NA,LK"
graham,Europe,IE,Northern Europe,GB,"GB,IE,LR,KE,AM,IL,NA,TZ,LB,ET"
wendy,Europe,TW,Western Europe,NL,"NL,TW,BE,GB,ID,ZA,NA,KE,BF,MY"
wesley,Europe,GB,Western Europe,NL,"NL,GB,KE,TW,NA,ZA,BE,LR,IE,MY"
sonia,Asia,IL,Western Asia,GE,"GE,IL,TN,SK,BG,NA,IN,RO,IT,PK"
justine,Europe,CM,Western Europe,FR,"FR,CM,KE,BE,NL,NA,LR,GB,MG,CH"
warren,Europe,TW,Northern Europe,GB,"GB,TW,KE,IE,ZA,NL,NA,BE,IL,MY"
jaime,Europe,FR,Western Europe,NL,"NL,FR,CM,GB,NA,MG,GE,LR,BE,MK"
kenneth,Africa,GB,Eastern Africa,KE,"KE,GB,DK,KH,BW,NO,SE,IE,TZ,NA"
anne,Europe,NL,Northern Europe,DK,"DK,NL,FR,NO,CH,BE,IE,SE,CM,GB"
janelle,Europe,DK,Western Europe,NL,"NL,DK,GB,EE,FR,CM,IE,CH,KE,ZA"
malcolm,Europe,IE,Northern Europe,GB,"GB,IE,ZA,SE,NA,DE,UZ,LK,DK,QA"
carolyn,Europe,KE,Northern Europe,GB,"GB,KE,IE,NL,BE,CH,TW,IL,LR,FR"
cindy,Europe,NL,Western Europe,BE,"BE,NL,ZA,ID,TW,FR,GB,CH,NA,MY"
kerry,Europe,IE,Northern Europe,GB,"GB,IE,IL,LR,TW,KE,NL,BE,EE,NA"
paula,Europe,RO,Northern Europe,FI,"FI,RO,NA,SK,PL,IL,HR,CH,NL,GB"
kerrie,Europe,IE,Northern Europe,GB,"GB,IE,IL,ZA,NL,LR,SE,EE,BE,NA"
toni,Europe,FI,Southern Europe,HR,"HR,FI,BG,ID,IL,GE,MK,EE,LB,CH"
debbie,Europe,NL,Northern Europe,GB,"GB,NL,IE,ZA,BE,IL,NA,LR,ID,TW"
janine,Europe,CH,Western Europe,NL,"NL,CH,FR,GB,DK,DE,NO,BE,IE,CM"
vicki,Asia,GB,Western Asia,IL,"IL,GB,DK,NA,ID,SE,ZA,KE,TW,CY"
heath,Asia,GB,South-Eastern Asia,KH,"KH,GB,IE,NA,LK,IL,TZ,NL,KE,ZA"
jody,Europe,GB,Western Europe,NL,"NL,GB,IL,NA,IE,TW,ID,ZA,BE,FR"
robyn,Europe,NL,Northern Europe,GB,"GB,NL,IE,ZA,NA,IL,EE,CH,ID,SE"
narelle,Africa,ZA,Middle Africa,CM,"CM,ZA,FR,NL,LB,BF,GB,CI,MG,DK"
cherie,Europe,TW,Northern Europe,GB,"GB,TW,CM,FR,IL,NL,ZA,KE,BE,MY"
margaret,Europe,KE,Northern Europe,IE,"IE,KE,GB,EE,NL,IL,CH,AM,LR,SE"
teresa,Europe,CZ,Northern Europe,IE,"IE,CZ,FI,GE,ET,GB,SK,LR,KE,ZA"
stewart,Europe,IE,Northern Europe,GB,"GB,IE,NL,BE,IL,DE,SE,KE,EE,AT"
garry,Europe,IE,Northern Europe,GB,"GB,IE,LR,IL,NL,AM,ID,NA,TW,CM"
annette,Europe,NL,Northern Europe,DK,"DK,NL,FR,CH,SE,NO,BE,CM,IE,DE"
karl,Europe,SE,Western Europe,DE,"DE,SE,EE,AT,DK,NO,CZ,BE,CH,IS"
yvette,Europe,CM,Western Europe,FR,"FR,CM,NL,CH,BE,CI,MG,BF,IL,LB"
leonie,Europe,CM,Western Europe,FR,"FR,CM,NL,CZ,BE,IL,NA,GB,ZA,IE"
barry,Europe,GB,Western Europe,NL,"NL,GB,IE,IL,KE,BE,ID,LR,NA,MG"
debra,Europe,ET,Northern Europe,GB,"GB,ET,ZA,IE,NL,BG,KE,ID,TZ,IL"
ronald,Europe,GB,Western Europe,NL,"NL,GB,AT,KE,IE,DE,IL,NO,CM,CH"
terry,Europe,IE,Northern Europe,GB,"GB,IE,LR,KE,NL,TW,IL,NA,ID,ZA"
shayne,Europe,IL,Northern Europe,GB,"GB,IL,ZA,KE,NA,IE,TW,MY,NL,LK"
cheryl,Europe,TW,Northern Europe,GB,"GB,TW,KE,MY,IL,ZA,NL,NA,CM,KH"
bruce,Europe,CM,Northern Europe,GB,"GB,CM,FR,CH,ZA,KE,NA,IL,BE,CI"
michele,Europe,FR,Southern Europe,IT,"IT,FR,CH,CM,BE,AT,ZA,NL,LB,DK"
graeme,Europe,ZA,Northern Europe,GB,"GB,ZA,BW,IE,KE,LR,NA,NL,CF,CM"
dianne,Europe,GB,Western Europe,NL,"NL,GB,CM,DK,BE,KE,FR,IE,CH,BF"
jo-anne,Europe,GB,Western Europe,NL,"NL,GB,NO,IE,DK,NA,ZA,FR,CM,KE"
murray,Europe,TM,Northern Europe,GB,"GB,TM,AZ,TR,IE,UZ,ZA,KZ,KE,IL"
darrin,Europe,IE,Northern Europe,GB,"GB,IE,KH,HR,BG,RO,NL,UZ,IL,CH"
maree,Europe,IL,Western Europe,NL,"NL,IL,ZA,NA,GB,EE,FR,IE,CH,LR"
darryl,Europe,IE,Northern Europe,GB,"GB,IE,ZA,BY,KE,IL,KZ,NL,UA,CM"
sonya,Europe,UA,Eastern Europe,BG,"BG,UA,AZ,AM,IL,KH,NA,ZA,ID,IN"
lynette,Africa,GB,Middle Africa,CM,"CM,GB,NL,FR,ZA,DK,KE,NA,BE,IE"
guy,Europe,FR,Western Europe,BE,"BE,FR,IL,CM,CI,CF,GB,MG,CH,TM"
bernadette,Europe,CM,Western Europe,FR,"FR,CM,CH,NL,DK,BF,BE,DE,NO,SE"
giuseppe,Europe,CH,Southern Europe,IT,"IT,CH,FR,DK,BE,GE,IL,CM,CF,NL"
ann,Europe,NO,Northern Europe,SE,"SE,NO,DE,DK,IE,GB,BE,EE,IS,IL"
dennis,Africa,NL,Eastern Africa,KE,"KE,NL,CY,DK,RU,IE,GB,LR,DE,BE"
diane,Africa,GB,Middle Africa,CM,"CM,GB,BE,GE,NL,FR,BF,CH,CI,KE"
judith,Africa,NL,Eastern Africa,KE,"KE,NL,CH,GB,CM,TZ,IE,AT,HU,DE"
roger,Europe,FR,Western Europe,CH,"CH,FR,NO,CM,SE,BE,LB,NL,GB,TD"
donald,Europe,NL,Northern Europe,GB,"GB,NL,IE,CM,KE,BW,TZ,CH,DE,NA"
keith,Europe,BW,Northern Europe,GB,"GB,BW,IE,KE,KH,LK,EE,LR,ZA,MY"
denise,Europe,CH,Western Europe,FR,"FR,CH,IE,NL,CM,GB,BE,DK,TR,KE"
barbara,Europe,PL,Eastern Europe,CZ,"CZ,PL,SI,AT,HU,IL,CH,GE,IT,NL"
unnamed,Africa,TJ,Northern Africa,LY,"LY,TJ,SA,EG,AZ,OM,UZ,QA,SY,AF"
carol,Europe,KE,Northern Europe,GB,"GB,KE,IE,CM,CH,LB,NL,IL,BE,SE"
rhonda,Europe,ZA,Northern Europe,GB,"GB,ZA,NL,NA,IE,KE,TZ,ID,IL,GE"
antonio,Europe,IT,Southern Europe,HR,"HR,IT,BG,CH,LB,MK,MG,ID,CY,GE"
lynda,Europe,ZA,Northern Europe,GB,"GB,ZA,IE,KE,NA,NL,CM,IL,KH,MY"
therese,Africa,FR,Middle Africa,CM,"CM,FR,SE,CH,NO,BF,IE,ZA,NL,CI"
leslie,Europe,CM,Northern Europe,GB,"GB,CM,ZA,FR,BE,NL,IL,IE,BW,NA"
ruth,Europe,LR,Western Europe,CH,"CH,LR,KE,GB,IE,NL,NO,DE,NA,TZ"
warwick,Europe,KE,Northern Europe,GB,"GB,KE,NL,IE,BE,TZ,ZA,NA,MY,CH"
frank,Europe,NL,Western Europe,DE,"DE,NL,BE,DK,IE,TZ,CH,NO,CM,KE"
gordon,Europe,KE,Northern Europe,GB,"GB,KE,IL,MK,HR,UZ,GE,RS,RS,BG"
roslyn,Europe,MY,Northern Europe,GB,"GB,MY,IE,KE,IL,BN,LR,ID,NA,ZA"
lesley,Europe,ZA,Northern Europe,GB,"GB,ZA,NA,NL,IE,BW,BE,KE,IL,CM"
lorraine,Europe,FR,Northern Europe,GB,"GB,FR,IE,CM,ZA,KE,NA,BE,BW,CH"
gerard,Europe,NL,Western Europe,FR,"FR,NL,AT,IE,CM,BE,DE,CH,GB,LB"
pauline,Europe,CM,Western Europe,FR,"FR,CM,BE,KE,CH,NL,IE,GB,BF,NA"
bernard,Europe,DE,Western Europe,FR,"FR,DE,KE,CM,IE,CH,NL,AT,BE,GB"
gail,Europe,IL,Northern Europe,GB,"GB,IL,GE,AZ,IE,UZ,ZA,BG,RU,MD"
colleen,Europe,GB,Northern Europe,IE,"IE,GB,NL,KE,ZA,BE,NA,TW,FR,IL"
daryl,Europe,BY,Northern Europe,GB,"GB,BY,KZ,UA,IE,ZA,UZ,CM,RU,IL"
janet,Europe,KE,Northern Europe,GB,"GB,KE,NL,IE,EE,LR,DK,SE,NA,KZ"
rosemary,Europe,KE,Northern Europe,IE,"IE,KE,GB,LR,TZ,IL,MG,CM,NA,NL"
cathy,Europe,GB,Northern Europe,IE,"IE,GB,KE,BE,CM,LR,FR,TW,CH,NA"
frances,Europe,GB,Northern Europe,IE,"IE,GB,NL,CM,LR,FR,NA,KE,DE,BE"
marie,Europe,CZ,Western Europe,FR,"FR,CZ,NL,CH,CM,BE,SE,IE,MG,IL"
pamela,Europe,GB,Southern Europe,IT,"IT,GB,BG,KE,GE,ZA,CH,NA,IL,IE"
lynne,Europe,KE,Northern Europe,GB,"GB,KE,IE,NL,ZA,BE,DK,CM,NA,LB"
noel,Europe,FR,Northern Europe,IE,"IE,FR,CM,TZ,MG,BF,CH,BE,CI,TD"
yvonne,Europe,FR,Western Europe,NL,"NL,FR,CH,CM,BE,GB,KE,SE,CF,IL"
terrence,Europe,LR,Northern Europe,IE,"IE,LR,KE,GB,ZA,NA,BW,CM,TW,FR"
terence,Europe,KE,Northern Europe,IE,"IE,KE,GB,LR,NA,CM,ZA,HU,BW,FR"
jenny,Europe,NL,Northern Europe,SE,"SE,NL,GB,DK,TW,BE,IE,NA,IL,ID"
brenda,Europe,NL,Northern Europe,IE,"IE,NL,ZA,KE,GB,NA,CZ,IL,CM,BE"
jeanette,Europe,DK,Western Europe,FR,"FR,DK,CM,NL,CH,GB,BE,MG,IE,CI"
neville,Africa,CM,Southern Africa,ZA,"ZA,CM,GB,NA,FR,CH,LB,DK,NL,LK"
kay,Asia,KH,South-Eastern Asia,MM,"MM,KH,GB,BW,TW,TR,BG,AZ,NL,MY"
bryan,Europe,IE,Northern Europe,GB,"GB,IE,NL,KE,TW,BG,ID,FR,MY,ZA"
janice,Africa,GB,Eastern Africa,KE,"KE,GB,NL,IE,LR,FR,CZ,CH,CM,NA"
jeffery,Africa,GB,Western Africa,LR,"LR,GB,NL,KE,TW,ID,IE,BE,MG,IL"
virginia,Europe,RO,Eastern Europe,MD,"MD,RO,BG,IT,NA,KE,LT,UA,BE,GE"
kelvin,Africa,LR,Eastern Africa,KE,"KE,LR,GB,NL,TW,TZ,MY,AZ,EE,NA"
susanne,Europe,CH,Northern Europe,DK,"DK,CH,NL,IE,AT,GB,SE,KE,DE,NO"
maureen,Africa,IE,Eastern Africa,KE,"KE,IE,NL,GB,BE,FR,IL,NA,ZA,LB"
norman,Asia,BN,South-Eastern Asia,MY,"MY,BN,ID,IL,GE,GB,AM,AZ,ZA,IE"
janette,Europe,GB,Northern Europe,DK,"DK,GB,NL,IE,KE,NO,FR,SE,CM,CH"
sharyn,Asia,GB,Central Asia,KZ,"KZ,GB,IL,MY,ZA,UZ,TW,NA,AZ,KE"
francis,Africa,FR,Eastern Africa,KE,"KE,FR,IE,CM,BE,LR,NL,CH,TZ,GB"
lance,Africa,LR,Middle Africa,CM,"CM,LR,FR,GB,ZA,KE,NA,CI,IE,MG"
glenda,Europe,ZA,Northern Europe,GB,"GB,ZA,NL,NA,IE,BE,SE,IL,NO,KE"
leonard,Europe,NL,Western Europe,FR,"FR,NL,CM,KE,DE,IL,BE,IE,GB,NA"
jan,Europe,CZ,Eastern Europe,SK,"SK,CZ,NL,SI,RS,RS,SE,DK,NO,EE"
shirley,Asia,GB,Western Asia,IL,"IL,GB,TW,NA,ZA,MY,NL,KE,LK,BN"
beverley,Europe,NA,Northern Europe,GB,"GB,NA,ZA,KE,IL,IE,NL,LR,TW,FR"
lindsay,Europe,ZA,Northern Europe,GB,"GB,ZA,NL,KH,BE,NA,LR,IL,TW,IE"
allen,Europe,IE,Northern Europe,GB,"GB,IE,NL,KE,IL,DK,TW,LR,AM,NA"
grahame,Europe,CI,Northern Europe,GB,"GB,CI,BW,KE,ZA,TZ,LR,GE,IE,FJ"
antony,Africa,LB,Eastern Africa,KE,"KE,LB,GB,FR,IE,RU,BG,NL,ID,SE"
carmel,Africa,IE,Middle Africa,CM,"CM,IE,IL,FR,RO,LB,GB,CH,NL,TD"
perry,Asia,NL,Western Asia,IL,"IL,NL,GB,LR,KE,TW,IE,SE,FR,NA"
frederick,Africa,BE,Eastern Africa,KE,"KE,BE,IE,NL,FR,CH,GB,CM,TZ,SE"
jill,Europe,NL,Northern Europe,GB,"GB,NL,TW,SE,IE,BE,NO,DK,KE,CH"
larry,Europe,IL,Northern Europe,GB,"GB,IL,IE,NL,LR,MG,SE,KE,DK,CM"
lynn,Europe,MM,Northern Europe,GB,"GB,MM,BE,KE,TW,MY,IE,NL,ZA,KH"
sue,Europe,TW,Northern Europe,GB,"GB,TW,KR,MY,MM,JP,CH,ZA,BN,NL"
joy,Africa,NL,Eastern Africa,KE,"KE,NL,GB,LR,BD,NA,LB,TW,BN,BE"
victor,Europe,RU,Eastern Europe,MD,"MD,RU,UA,IL,BG,LR,KE,FR,RO,CM"
lawrence,Africa,KE,Western Africa,LR,"LR,KE,IE,GB,CM,BW,ZA,NA,FR,BE"
irene,Europe,CH,Western Europe,NL,"NL,CH,KE,CM,IL,NO,DK,FR,GB,BE"
dorothy,Africa,GB,Eastern Africa,KE,"KE,GB,IE,LR,IL,KH,BE,CM,NA,HU"
joan,Europe,KE,Northern Europe,GB,"GB,KE,IE,NL,DK,BE,SE,LR,FR,TW"
marilyn,Europe,IE,Northern Europe,GB,"GB,IE,NL,EE,IL,KE,LR,FR,NA,ZA"
laurence,Europe,CM,Western Europe,FR,"FR,CM,BE,IE,GB,CH,KE,MG,CI,BF"
marion,Europe,NL,Western Europe,FR,"FR,NL,GE,GB,MD,IE,CH,AT,RO,IL"
desmond,Europe,CM,Northern Europe,IE,"IE,CM,NL,FR,GB,NA,KE,ID,BE,ZA"
sheryl,Europe,IL,Northern Europe,GB,"GB,IL,TW,UZ,KE,MY,ZA,NA,AE,BN"
jillian,Europe,NL,Northern Europe,GB,"GB,NL,TW,IE,KE,DK,SE,BE,BG,DE"
robin,Europe,GB,Western Europe,NL,"NL,GB,SE,CH,BE,EE,CZ,FR,DE,NO"
elaine,Europe,GB,Northern Europe,IE,"IE,GB,IL,NA,CM,FR,KE,NL,ZA,GE"
denis,Europe,UA,Eastern Europe,RU,"RU,UA,HR,BG,LV,IE,FR,KE,MD,CY"
gayle,Europe,ZA,Northern Europe,GB,"GB,ZA,IL,IE,FR,AM,CM,NA,LR,BW"
roy,Europe,GB,Western Europe,NL,"NL,GB,KH,IL,NO,ID,KE,LB,BN,MY"
howard,Europe,IE,Northern Europe,GB,"GB,IE,TW,DE,KE,AM,NA,NL,IL,LB"
darrell,Europe,IE,Northern Europe,GB,"GB,IE,ZA,LR,IL,CM,NL,KE,NA,IS"
maxine,Europe,GB,Western Europe,FR,"FR,GB,NL,CM,BE,DE,CH,KE,AT,IL"
reginald,Europe,NL,Western Europe,AT,"AT,NL,GB,DE,KE,CM,CH,TZ,IE,FR"
dawn,Europe,MM,Northern Europe,GB,"GB,MM,ZA,IE,IL,TW,NA,KR,KE,MY"
stillborn,Europe,SE,Northern Europe,NO,"NO,SE,DE,BG,DK,IS,BE,KH,NL,NA"
june,Asia,GB,Eastern Asia,KR,"KR,GB,TW,NO,KE,DK,NA,IE,CM,MY"
stanley,Africa,GB,Eastern Africa,KE,"KE,GB,NA,LR,ZA,BG,IL,NL,RU,TZ"
valerie,Europe,MD,Western Europe,FR,"FR,MD,CM,BE,IL,CZ,CH,MG,GE,GB"
harold,Europe,GB,Western Europe,NL,"NL,GB,AT,DE,IE,KE,IL,NA,TZ,NO"
gloria,Africa,BG,Eastern Africa,TZ,"TZ,BG,IT,KE,IL,NA,GB,RO,LR,MD"
ralph,Europe,CH,Western Europe,DE,"DE,CH,LB,NL,GB,AT,IE,IL,MG,LR"
kaye,Africa,MM,Western Africa,BF,"BF,MM,TD,GB,CI,LR,NE,BW,ET,NA"
fay,Asia,UZ,Western Asia,AZ,"AZ,UZ,ET,IL,GB,MY,SA,TW,LR,LB"
maurice,Europe,CM,Western Europe,FR,"FR,CM,KE,IE,CH,NL,BE,LB,IT,GB"
jean,Europe,MG,Western Europe,FR,"FR,MG,BE,LB,CI,CM,CF,CH,GB,NL"
